Payment Method,Pt Amount,From Country,Institute
International Bank Transfer in Norwegian Krone (NOK),"kr82.097,00",Åland Islands,SUNY Jamestown Community College - FSA Residence Life
International Bank Transfer in US Dollars (USD),"$10,000.00",Åland Islands,SUNY Jamestown Community College - FSA Residence Life
International Bank Transfer in Euros (EUR),"8.810,00 €",Albania,SUNY Jamestown Community College - FSA Residence Life
Debit/Credit Card in DZD,"1,238,700.00 ?.?",Algeria,SUNY Jamestown Community College - FSA Residence Life
International Bank Transfer in US Dollars (USD),"$10,000.00",Algeria,SUNY Jamestown Community College - FSA Residence Life
International Bank Transfer in Euros (EUR),"8.810,00 €",Algeria,SUNY Jamestown Community College - FSA Residence Life
Debit/Credit Card in EUR,"8.896,00 €",Algeria,SUNY Jamestown Community College - FSA Residence Life
International Bank Transfer in US Dollars (USD),"$10,000.00",American Samoa,SUNY Jamestown Community College - FSA Residence Life
Domestic Bank Transfer in Euros (EUR),"8.809,00 €",Andorra,SUNY Jamestown Community College - FSA Residence Life
Debit/Credit Card in EUR,"8.894,00 €",Andorra,SUNY Jamestown Community College - FSA Residence Life
Debit/Credit Card in AOA,"2,584,500.00 Kz",Angola,SUNY Jamestown Community College - FSA Residence Life
International Bank Transfer in US Dollars (USD),"$10,000.00",Angola,SUNY Jamestown Community College - FSA Residence Life
International Bank Transfer in South African Rand (ZAR),"R140,243.00",Angola,SUNY Jamestown Community College - FSA Residence Life
International Bank Transfer in British Pounds (GBP),"£7,749.00",Angola,SUNY Jamestown Community College - FSA Residence Life
International Bank Transfer in Euros (EUR),"8.806,00 €",Angola,SUNY Jamestown Community College - FSA Residence Life
Debit/Credit Card in EUR,"8.891,00 €",Angola,SUNY Jamestown Community College - FSA Residence Life
MasterCard: Debit/Credit in XCD,"$28,500.00",Anguilla,SUNY Jamestown Community College - FSA Residence Life
VISA: Debit/Credit in XCD,"$28,500.00",Anguilla,SUNY Jamestown Community College - FSA Residence Life
International Bank Transfer in US Dollars (USD),"$10,000.00",Anguilla,SUNY Jamestown Community College - FSA Residence Life
International Bank Transfer in US Dollars (USD),"$10,000.00",Antarctica,SUNY Jamestown Community College - FSA Residence Life
Debit/Credit Card in XCD,"$28,500.00",Antigua and Barbuda,SUNY Jamestown Community College - FSA Residence Life
International Bank Transfer in US Dollars (USD),"$10,000.00",Antigua and Barbuda,SUNY Jamestown Community College - FSA Residence Life
Debit/Credit Card in ARS,"$284.599,00",Argentina,SUNY Jamestown Community College - FSA Residence Life
International Bank Transfer in US Dollars (USD),"$10,000.00",Argentina,SUNY Jamestown Community College - FSA Residence Life
Domestic Bank Transfer in AUD (EFT),"A$13,900.00",Australia,SUNY Jamestown Community College - FSA Residence Life
VISA: Debit/Credit in AUD,"A$14,160.00",Australia,SUNY Jamestown Community College - FSA Residence Life
MasterCard: Debit/Credit in AUD,"A$14,160.00",Australia,SUNY Jamestown Community College - FSA Residence Life
American Express in AUD,"A$14,160.00",Australia,SUNY Jamestown Community College - FSA Residence Life
Domestic Bank Transfer in Euros (EUR),"8.800,00 €",Austria,SUNY Jamestown Community College - FSA Residence Life
American Express in EUR,"8.885,00 €",Austria,SUNY Jamestown Community College - FSA Residence Life
PayPal in EUR,"8.971,00 €",Austria,SUNY Jamestown Community College - FSA Residence Life
Online Bank Transfer,"8.800,00 €",Austria,SUNY Jamestown Community College - FSA Residence Life
Debit/Credit Card in EUR,"8.885,00 €",Austria,SUNY Jamestown Community College - FSA Residence Life
Debit/Credit Card in AZN,"???17,929.00",Azerbaijan,SUNY Jamestown Community College - FSA Residence Life
International Bank Transfer in US Dollars (USD),"$10,000.00",Azerbaijan,SUNY Jamestown Community College - FSA Residence Life
Debit/Credit Card in BSD,"$10,538.00",Bahamas,SUNY Jamestown Community College - FSA Residence Life
International Bank Transfer in US Dollars (USD),"$10,000.00",Bahamas,SUNY Jamestown Community College - FSA Residence Life
International Bank Transfer in Canadian Dollars (CAD),"$13,642.00",Bahamas,SUNY Jamestown Community College - FSA Residence Life
Debit/Credit Card in BHD,"?.?3,962.100",Bahrain,SUNY Jamestown Community College - FSA Residence Life
International Bank Transfer in US Dollars (USD),"$10,000.00",Bahrain,SUNY Jamestown Community College - FSA Residence Life
Debit/Credit Card in BDT,"?888,050.00",Bangladesh,SUNY Jamestown Community College - FSA Residence Life
International Bank Transfer in US Dollars (USD),"$10,000.00",Bangladesh,SUNY Jamestown Community College - FSA Residence Life
Debit/Credit Card in BBD,"21,075.00 $",Barbados,SUNY Jamestown Community College - FSA Residence Life
International Bank Transfer in US Dollars (USD),"$10,000.00",Barbados,SUNY Jamestown Community College - FSA Residence Life
International Bank Transfer in Canadian Dollars (CAD),"$13,640.00",Barbados,SUNY Jamestown Community College - FSA Residence Life
International Bank Transfer in US Dollars (USD),"$10,000.00",Belarus,SUNY Jamestown Community College - FSA Residence Life
Debit/Credit Card in EUR,"8.883,00 €",Belarus,SUNY Jamestown Community College - FSA Residence Life
Domestic Bank Transfer in Euros (EUR),"8.797,00 €",Belgium,SUNY Jamestown Community College - FSA Residence Life
American Express in EUR,"8.882,00 €",Belgium,SUNY Jamestown Community College - FSA Residence Life
PayPal in EUR,"8.968,00 €",Belgium,SUNY Jamestown Community College - FSA Residence Life
Online Bank Transfer,"8.797,00 €",Belgium,SUNY Jamestown Community College - FSA Residence Life
Debit/Credit Card in EUR,"8.882,00 €",Belgium,SUNY Jamestown Community College - FSA Residence Life
Debit/Credit Card in BZD,"$21,200.00",Belize,SUNY Jamestown Community College - FSA Residence Life
International Bank Transfer in US Dollars (USD),"$10,000.00",Belize,SUNY Jamestown Community College - FSA Residence Life
International Bank Transfer in Mexican Pesos (MXN),"$207,264.00",Belize,SUNY Jamestown Community College - FSA Residence Life
Debit/Credit Card in XOF,"5,914,700.00 CFA",Benin,SUNY Jamestown Community College - FSA Residence Life
International Bank Transfer in US Dollars (USD),"$10,000.00",Benin,SUNY Jamestown Community College - FSA Residence Life
Debit/Credit Card in BMD,"$10,538.00",Bermuda,SUNY Jamestown Community College - FSA Residence Life
International Bank Transfer in US Dollars (USD),"$10,000.00",Bermuda,SUNY Jamestown Community College - FSA Residence Life
Debit/Credit Card in BOB,"Bs72,676.00","Bolivia, Plurinational State of",SUNY Jamestown Community College - FSA Residence Life
International Bank Transfer in US Dollars (USD),"$10,000.00","Bolivia, Plurinational State of",SUNY Jamestown Community College - FSA Residence Life
International Bank Transfer in US Dollars (USD),"$10,000.00","Bonaire, Saint Eustatius and Saba",SUNY Jamestown Community College - FSA Residence Life
Debit/Credit Card in BWP,"P108,800.00",Botswana,SUNY Jamestown Community College - FSA Residence Life
International Bank Transfer in US Dollars (USD),"$10,000.00",Botswana,SUNY Jamestown Community College - FSA Residence Life
International Bank Transfer in South African Rand (ZAR),"R140,006.00",Botswana,SUNY Jamestown Community College - FSA Residence Life
International Bank Transfer in British Pounds (GBP),"£7,756.00",Botswana,SUNY Jamestown Community College - FSA Residence Life
MasterCard: Debit/Credit in NOK,"kr84.299,00",Bouvet Island,SUNY Jamestown Community College - FSA Residence Life
VISA: Debit/Credit in NOK,"kr84.299,00",Bouvet Island,SUNY Jamestown Community College - FSA Residence Life
International Bank Transfer in Norwegian Krone (NOK),"kr82.017,00",Bouvet Island,SUNY Jamestown Community College - FSA Residence Life
Pagamento com Débito em Conta,"R$42.702,00",Brazil,SUNY Jamestown Community College - FSA Residence Life
Cartão de Crédito/Débito em Reais,"R$42.702,00",Brazil,SUNY Jamestown Community College - FSA Residence Life
Boleto,"R$41.990,00",Brazil,SUNY Jamestown Community College - FSA Residence Life
Pagamento Parcelado via Cartão de Crédito em Reais,"R$42.702,00",Brazil,SUNY Jamestown Community College - FSA Residence Life
Debit/Credit Card in BND,"$14,400.00",Brunei Darussalam,SUNY Jamestown Community College - FSA Residence Life
MasterCard: Debit/Credit in SGD,"S$14,281.00",Brunei Darussalam,SUNY Jamestown Community College - FSA Residence Life
VISA: Debit/Credit in SGD,"S$14,281.00",Brunei Darussalam,SUNY Jamestown Community College - FSA Residence Life
International Bank Transfer in US Dollars (USD),"$10,000.00",Brunei Darussalam,SUNY Jamestown Community College - FSA Residence Life
Debit/Credit Card in BGN,"??17,638.00",Bulgaria,SUNY Jamestown Community College - FSA Residence Life
International Bank Transfer in US Dollars (USD),"$10,000.00",Bulgaria,SUNY Jamestown Community College - FSA Residence Life
International Bank Transfer in British Pounds (GBP),"£7,756.00",Bulgaria,SUNY Jamestown Community College - FSA Residence Life
International Bank Transfer in Euros (EUR),"8.801,00 €",Bulgaria,SUNY Jamestown Community College - FSA Residence Life
Debit/Credit Card in XOF,"5,915,400.00 CFA",Burkina Faso,SUNY Jamestown Community College - FSA Residence Life
International Bank Transfer in US Dollars (USD),"$10,000.00",Burkina Faso,SUNY Jamestown Community College - FSA Residence Life
Debit/Credit Card in KHR,"42,752,000.00 ?",Cambodia,SUNY Jamestown Community College - FSA Residence Life
International Bank Transfer in US Dollars (USD),"$10,000.00",Cambodia,SUNY Jamestown Community College - FSA Residence Life
Debit/Credit Card in XAF,"5,915,400.00 Fr",Cameroon,SUNY Jamestown Community College - FSA Residence Life
International Bank Transfer in US Dollars (USD),"$10,000.00",Cameroon,SUNY Jamestown Community College - FSA Residence Life
Bank Transfer in Canadian Dollars,"$13,640.00",Canada,SUNY Jamestown Community College - FSA Residence Life
Online Bill Pay,"$13,640.00",Canada,SUNY Jamestown Community College - FSA Residence Life
American Express in CAD,"$13,941.00",Canada,SUNY Jamestown Community College - FSA Residence Life
PayPal in CAD,"$13,854.00",Canada,SUNY Jamestown Community College - FSA Residence Life
Debit/Credit Card in CAD,"$13,941.00",Canada,SUNY Jamestown Community College - FSA Residence Life
Debit/Credit Card in KHR,"42,782,000.00 ?",Cambodia,SUNY Jamestown Community College - FSA Residence Life
International Bank Transfer in US Dollars (USD),"$10,000.00",Cambodia,SUNY Jamestown Community College - FSA Residence Life
Debit/Credit Card in XAF,"5,907,500.00 Fr",Cameroon,SUNY Jamestown Community College - FSA Residence Life
International Bank Transfer in US Dollars (USD),"$10,000.00",Cameroon,SUNY Jamestown Community College - FSA Residence Life
Bank Transfer in Canadian Dollars,"$13,638.00",Canada,SUNY Jamestown Community College - FSA Residence Life
Online Bill Pay,"$13,638.00",Canada,SUNY Jamestown Community College - FSA Residence Life
MasterCard: Debit/Credit in CAD,"$13,938.00",Canada,SUNY Jamestown Community College - FSA Residence Life
VISA: Debit/Credit in CAD,"$13,938.00",Canada,SUNY Jamestown Community College - FSA Residence Life
American Express in CAD,"$13,938.00",Canada,SUNY Jamestown Community College - FSA Residence Life
PayPal in CAD,"$13,851.00",Canada,SUNY Jamestown Community College - FSA Residence Life
Debit/Credit Card in XAF,"5,906,400.00 Fr",Central African Republic,SUNY Jamestown Community College - FSA Residence Life
International Bank Transfer in US Dollars (USD),"$10,000.00",Central African Republic,SUNY Jamestown Community College - FSA Residence Life
Debit/Credit Card in XAF,"5,906,400.00 Fr",Chad,SUNY Jamestown Community College - FSA Residence Life
International Bank Transfer in US Dollars (USD),"$10,000.00",Chad,SUNY Jamestown Community College - FSA Residence Life
MasterCard: Debit/Credit in GBP,"£7,819.00",British Indian Ocean Territory,SUNY Jamestown Community College - FSA Residence Life
VISA: Debit/Credit in GBP,"£7,819.00",British Indian Ocean Territory,SUNY Jamestown Community College - FSA Residence Life
International Bank Transfer in US Dollars (USD),"$10,000.00",British Indian Ocean Territory,SUNY Jamestown Community College - FSA Residence Life
Debit/Credit Card in CLP,$6.740.000,Chile,SUNY Jamestown Community College - FSA Residence Life
International Bank Transfer in US Dollars (USD),"$10,000.00",Chile,SUNY Jamestown Community College - FSA Residence Life
?????????? Domestic RMB Transfer ????????????,"CNY66,493.00",China,SUNY Jamestown Community College - FSA Residence Life
??? - (Alipay.com),"CNY66,493.00",China,SUNY Jamestown Community College - FSA Residence Life
??? – (UnionPay),"CNY66,493.00",China,SUNY Jamestown Community College - FSA Residence Life
???? eBanking ????????????,"CNY66,826.00",China,SUNY Jamestown Community College - FSA Residence Life
MasterCard in RMB,"CNY69,012.00",China,SUNY Jamestown Community College - FSA Residence Life
VISA in RMB,"CNY69,012.00",China,SUNY Jamestown Community College - FSA Residence Life
MasterCard: Debit/Credit in AUD,"A$14,160.00",Christmas Island,SUNY Jamestown Community College - FSA Residence Life
VISA: Debit/Credit in AUD,"A$14,160.00",Christmas Island,SUNY Jamestown Community College - FSA Residence Life
International Bank Transfer in US Dollars (USD),"$10,000.00",Christmas Island,SUNY Jamestown Community College - FSA Residence Life
International Bank Transfer in New Zealand Dollar (NZD),"$14,786.00",Christmas Island,SUNY Jamestown Community College - FSA Residence Life
MasterCard: Debit/Credit in AUD,"A$14,160.00",Cocos (Keeling) Islands,SUNY Jamestown Community College - FSA Residence Life
VISA: Debit/Credit in AUD,"A$14,160.00",Cocos (Keeling) Islands,SUNY Jamestown Community College - FSA Residence Life
International Bank Transfer in US Dollars (USD),"$10,000.00",Cocos (Keeling) Islands,SUNY Jamestown Community College - FSA Residence Life
International Bank Transfer in New Zealand Dollar (NZD),"$14,786.00",Cocos (Keeling) Islands,SUNY Jamestown Community College - FSA Residence Life
Debit/Credit Card in COP,"COL$30.753.000,00",Colombia,SUNY Jamestown Community College - FSA Residence Life
International Bank Transfer in US Dollars (USD),"$10,000.00",Colombia,SUNY Jamestown Community College - FSA Residence Life
Debit/Credit Card in XAF,"5,906,500.00 Fr",Congo,SUNY Jamestown Community College - FSA Residence Life
International Bank Transfer in US Dollars (USD),"$10,000.00",Congo,SUNY Jamestown Community College - FSA Residence Life
International Bank Transfer in South African Rand (ZAR),"R139,864.00",Congo,SUNY Jamestown Community College - FSA Residence Life
VISA: Debit/Credit in XAF,"5,906,500.00 Fr",Congo,SUNY Jamestown Community College - FSA Residence Life
MasterCard: Debit/Credit in XAF,"5,906,500.00 Fr",Congo,SUNY Jamestown Community College - FSA Residence Life
International Bank Transfer in New Zealand Dollar (NZD),"$14,799.00",Cook Islands,SUNY Jamestown Community College - FSA Residence Life
MasterCard: Debit/Credit in NZD,"$15,214.00",Cook Islands,SUNY Jamestown Community College - FSA Residence Life
VISA: Debit/Credit in NZD,"$15,214.00",Cook Islands,SUNY Jamestown Community College - FSA Residence Life
Debit/Credit Card in CRC,"?5.971.700,00",Costa Rica,SUNY Jamestown Community College - FSA Residence Life
International Bank Transfer in US Dollars (USD),"$10,000.00",Costa Rica,SUNY Jamestown Community College - FSA Residence Life
VISA: Debit/Credit in XOF,"5,900,800.00 CFA",Côte d'Ivoire,SUNY Jamestown Community College - FSA Residence Life
International Bank Transfer in US Dollars (USD),"$10,000.00",Côte d'Ivoire,SUNY Jamestown Community College - FSA Residence Life
Bank Transfer in Croatian Kuna (HRK),"kn65.410,00",Croatia,SUNY Jamestown Community College - FSA Residence Life
Debit/Credit Card in HRK,"kn66.685,00",Croatia,SUNY Jamestown Community College - FSA Residence Life
Online Bank Transfer,"kn65.410,00",Croatia,SUNY Jamestown Community College - FSA Residence Life
Domestic Bank Transfer in Euros (EUR),"8.779,00 €",Cyprus,SUNY Jamestown Community College - FSA Residence Life
VISA: Debit/Credit in EUR,"8.863,00 €",Cyprus,SUNY Jamestown Community College - FSA Residence Life
MasterCard: Debit/Credit in EUR,"8.863,00 €",Cyprus,SUNY Jamestown Community College - FSA Residence Life
American Express in EUR,"8.863,00 €",Cyprus,SUNY Jamestown Community College - FSA Residence Life
PayPal in EUR,"8.949,00 €",Cyprus,SUNY Jamestown Community College - FSA Residence Life
Online Bank Transfer,"8.779,00 €",Cyprus,SUNY Jamestown Community College - FSA Residence Life
Debit/Credit Card in CZK,"K?232.966,00",Czech Republic,SUNY Jamestown Community College - FSA Residence Life
Bank Transfer from a Czech Koruna (CZK) Account,"K?227.922,00",Czech Republic,SUNY Jamestown Community College - FSA Residence Life
Online Bank Transfer,"K?227.922,00",Czech Republic,SUNY Jamestown Community College - FSA Residence Life
Domestic Bank Transfer in Danish Krone (DKK),"65.431,00 kr",Denmark,SUNY Jamestown Community College - FSA Residence Life
VISA: Debit/Credit in DKK,"66.063,00 kr",Denmark,SUNY Jamestown Community College - FSA Residence Life
MasterCard: Debit/Credit in DKK,"66.063,00 kr",Denmark,SUNY Jamestown Community College - FSA Residence Life
Online Bank Transfer,"65.431,00 kr",Denmark,SUNY Jamestown Community College - FSA Residence Life
Debit/Credit Card in XCD,"$28,500.00",Dominica,SUNY Jamestown Community College - FSA Residence Life
International Bank Transfer in US Dollars (USD),"$10,000.00",Dominica,SUNY Jamestown Community College - FSA Residence Life
Debit/Credit Card in DOP,"$520,800.00",Dominican Republic,SUNY Jamestown Community College - FSA Residence Life
International Bank Transfer in US Dollars (USD),"$10,000.00",Dominican Republic,SUNY Jamestown Community College - FSA Residence Life
International Bank Transfer in US Dollars (USD),"$10,000.00",Ecuador,SUNY Jamestown Community College - FSA Residence Life
Debit/Credit Card in EGP,"?.?188,536.00",Egypt,SUNY Jamestown Community College - FSA Residence Life
International Bank Transfer in US Dollars (USD),"$10,000.00",Egypt,SUNY Jamestown Community College - FSA Residence Life
International Bank Transfer in Euros (EUR),"8.782,00 €",Egypt,SUNY Jamestown Community College - FSA Residence Life
International Bank Transfer in US Dollars (USD),"$10,000.00",El Salvador,SUNY Jamestown Community College - FSA Residence Life
Debit/Credit Card in XAF,"5,902,500.00 Fr",Equatorial Guinea,SUNY Jamestown Community College - FSA Residence Life
International Bank Transfer in US Dollars (USD),"$10,000.00",Equatorial Guinea,SUNY Jamestown Community College - FSA Residence Life
International Bank Transfer in Euros (EUR),"8.781,00 €",Equatorial Guinea,SUNY Jamestown Community College - FSA Residence Life
Debit/Credit Card in ERN,"158,070.00 Nfk",Eritrea,SUNY Jamestown Community College - FSA Residence Life
International Bank Transfer in US Dollars (USD),"$10,000.00",Eritrea,SUNY Jamestown Community College - FSA Residence Life
Domestic Bank Transfer in Euros (EUR),"8.780,00 €",Estonia,SUNY Jamestown Community College - FSA Residence Life
VISA: Debit/Credit in EUR,"8.865,00 €",Estonia,SUNY Jamestown Community College - FSA Residence Life
MasterCard: Debit/Credit in EUR,"8.865,00 €",Estonia,SUNY Jamestown Community College - FSA Residence Life
American Express in EUR,"8.865,00 €",Estonia,SUNY Jamestown Community College - FSA Residence Life
PayPal in EUR,"8.950,00 €",Estonia,SUNY Jamestown Community College - FSA Residence Life
Online Bank Transfer,"8.780,00 €",Estonia,SUNY Jamestown Community College - FSA Residence Life
Debit/Credit Card in ETB,"288,836.00 Br",Ethiopia,SUNY Jamestown Community College - FSA Residence Life
International Bank Transfer in US Dollars (USD),"$10,000.00",Ethiopia,SUNY Jamestown Community College - FSA Residence Life
International Bank Transfer in Euros (EUR),"8.781,00 €",Ethiopia,SUNY Jamestown Community College - FSA Residence Life
Debit/Credit Card in FJD,"22,021.00 $",Fiji,SUNY Jamestown Community College - FSA Residence Life
International Bank Transfer in US Dollars (USD),"$10,000.00",Fiji,SUNY Jamestown Community College - FSA Residence Life
Debit/Credit Card in FJD,"22,021.00 $",Fiji,SUNY Jamestown Community College - FSA Residence Life
International Bank Transfer in US Dollars (USD),"$10,000.00",Fiji,SUNY Jamestown Community College - FSA Residence Life
Domestic Bank Transfer in Euros (EUR),"8.780,00 €",Finland,SUNY Jamestown Community College - FSA Residence Life
VISA: Debit/Credit in EUR,"8.865,00 €",Finland,SUNY Jamestown Community College - FSA Residence Life
MasterCard: Debit/Credit in EUR,"8.865,00 €",Finland,SUNY Jamestown Community College - FSA Residence Life
American Express in EUR,"8.865,00 €",Finland,SUNY Jamestown Community College - FSA Residence Life
PayPal in EUR,"8.950,00 €",Finland,SUNY Jamestown Community College - FSA Residence Life
Online Bank Transfer,"8.780,00 €",Finland,SUNY Jamestown Community College - FSA Residence Life
Domestic Bank Transfer in Euros (EUR),"8.780,00 €",France,SUNY Jamestown Community College - FSA Residence Life
VISA: Debit/Credit in EUR,"8.865,00 €",France,SUNY Jamestown Community College - FSA Residence Life
MasterCard: Debit/Credit in EUR,"8.865,00 €",France,SUNY Jamestown Community College - FSA Residence Life
American Express in EUR,"8.865,00 €",France,SUNY Jamestown Community College - FSA Residence Life
PayPal in EUR,"8.950,00 €",France,SUNY Jamestown Community College - FSA Residence Life
Domestic Bank Transfer in Euros (EUR),"8.780,00 €",French Guiana,SUNY Jamestown Community College - FSA Residence Life
Debit/Credit Card in XPF,"1,073,550.00 Fr",French Polynesia,SUNY Jamestown Community College - FSA Residence Life
International Bank Transfer in US Dollars (USD),"$10,000.00",French Polynesia,SUNY Jamestown Community College - FSA Residence Life
International Bank Transfer in Euros (EUR),"8.779,00 €",French Polynesia,SUNY Jamestown Community College - FSA Residence Life
International Bank Transfer in New Zealand Dollar (NZD),"$14,799.00",French Polynesia,SUNY Jamestown Community College - FSA Residence Life
International Bank Transfer in US Dollars (USD),"$10,000.00",French Southern Territories,SUNY Jamestown Community College - FSA Residence Life
Debit/Credit Card in XAF,"5,901,300.00 Fr",Gabon,SUNY Jamestown Community College - FSA Residence Life
International Bank Transfer in US Dollars (USD),"$10,000.00",Gabon,SUNY Jamestown Community College - FSA Residence Life
Online Bank Transfer,"8.780,00 €",Germany,SUNY Jamestown Community College - FSA Residence Life
Domestic Bank Transfer in Euros (EUR),"8.780,00 €",Germany,SUNY Jamestown Community College - FSA Residence Life
VISA: Debit/Credit in EUR,"8.865,00 €",Germany,SUNY Jamestown Community College - FSA Residence Life
MasterCard: Debit/Credit in EUR,"8.865,00 €",Germany,SUNY Jamestown Community College - FSA Residence Life
American Express in EUR,"8.865,00 €",Germany,SUNY Jamestown Community College - FSA Residence Life
PayPal in EUR,"8.950,00 €",Germany,SUNY Jamestown Community College - FSA Residence Life
Online Bank Transfer,"8.780,00 €",Germany,SUNY Jamestown Community College - FSA Residence Life
Domestic Bank Transfer in Euros (EUR),"8.780,00 €",Germany,SUNY Jamestown Community College - FSA Residence Life
VISA: Debit/Credit in EUR,"8.865,00 €",Germany,SUNY Jamestown Community College - FSA Residence Life
MasterCard: Debit/Credit in EUR,"8.865,00 €",Germany,SUNY Jamestown Community College - FSA Residence Life
American Express in EUR,"8.865,00 €",Germany,SUNY Jamestown Community College - FSA Residence Life
PayPal in EUR,"8.950,00 €",Germany,SUNY Jamestown Community College - FSA Residence Life
Debit/Credit Card in GHS,"GH?49,974.00",Ghana,SUNY Jamestown Community College - FSA Residence Life
International Bank Transfer in US Dollars (USD),"$10,000.00",Ghana,SUNY Jamestown Community College - FSA Residence Life
American Express in GBP,"£7,816.00",Gibraltar,SUNY Jamestown Community College - FSA Residence Life
VISA: Debit/Credit in GBP,"£7,816.00",Gibraltar,SUNY Jamestown Community College - FSA Residence Life
MasterCard: Debit/Credit in GBP,"£7,816.00",Gibraltar,SUNY Jamestown Community College - FSA Residence Life
Debit/Credit Card in GIP,"£7,933.00",Gibraltar,SUNY Jamestown Community College - FSA Residence Life
International Bank Transfer in Euros (EUR),"8.781,00 €",Gibraltar,SUNY Jamestown Community College - FSA Residence Life
International Bank Transfer in US Dollars (USD),"$10,000.00",Gibraltar,SUNY Jamestown Community College - FSA Residence Life
Domestic Bank Transfer in Euros (EUR),"8.780,00 €",Greece,SUNY Jamestown Community College - FSA Residence Life
VISA: Debit/Credit in EUR,"8.865,00 €",Greece,SUNY Jamestown Community College - FSA Residence Life
MasterCard: Debit/Credit in EUR,"8.865,00 €",Greece,SUNY Jamestown Community College - FSA Residence Life
American Express in EUR,"8.865,00 €",Greece,SUNY Jamestown Community College - FSA Residence Life
PayPal in EUR,"8.951,00 €",Greece,SUNY Jamestown Community College - FSA Residence Life
MasterCard: Debit/Credit in DKK,"66.071,00 kr",Greenland,SUNY Jamestown Community College - FSA Residence Life
VISA: Debit/Credit in DKK,"66.071,00 kr",Greenland,SUNY Jamestown Community College - FSA Residence Life
International Bank Transfer in US Dollars (USD),"$10,000.00",Greenland,SUNY Jamestown Community College - FSA Residence Life
Debit/Credit Card in XCD,"$28,500.00",Grenada,SUNY Jamestown Community College - FSA Residence Life
International Bank Transfer in US Dollars (USD),"$10,000.00",Grenada,SUNY Jamestown Community College - FSA Residence Life
International Bank Transfer in Euros (EUR),"8.780,00 €",Guadeloupe,SUNY Jamestown Community College - FSA Residence Life
International Bank Transfer in US Dollars (USD),"$10,000.00",Guam,SUNY Jamestown Community College - FSA Residence Life
Debit/Credit Card in GTQ,"GTQ78,799.00",Guatemala,SUNY Jamestown Community College - FSA Residence Life
International Bank Transfer in US Dollars (USD),"$10,000.00",Guatemala,SUNY Jamestown Community College - FSA Residence Life
American Express in GBP,"£7,817.00",Guernsey,SUNY Jamestown Community College - FSA Residence Life
VISA: Debit/Credit in GBP,"£7,817.00",Guernsey,SUNY Jamestown Community College - FSA Residence Life
MasterCard: Debit/Credit in GBP,"£7,817.00",Guernsey,SUNY Jamestown Community College - FSA Residence Life
International Bank Transfer in British Pounds (GBP),"£7,742.00",Guernsey,SUNY Jamestown Community College - FSA Residence Life
Debit/Credit Card in GYD,"2,196,830.00 G$",Guyana,SUNY Jamestown Community College - FSA Residence Life
International Bank Transfer in US Dollars (USD),"$10,000.00",Guyana,SUNY Jamestown Community College - FSA Residence Life
Debit/Credit Card in GYD,"2,196,830.00 G$",Guyana,SUNY Jamestown Community College - FSA Residence Life
International Bank Transfer in US Dollars (USD),"$10,000.00",Guyana,SUNY Jamestown Community College - FSA Residence Life
Debit/Credit Card in HTG,"699,900.00 G",Haiti,SUNY Jamestown Community College - FSA Residence Life
International Bank Transfer in US Dollars (USD),"$10,000.00",Haiti,SUNY Jamestown Community College - FSA Residence Life
MasterCard: Debit/Credit in AUD,"A$14,150.00",Heard Island and McDonald Islands,SUNY Jamestown Community College - FSA Residence Life
VISA: Debit/Credit in AUD,"A$14,150.00",Heard Island and McDonald Islands,SUNY Jamestown Community College - FSA Residence Life
International Bank Transfer in US Dollars (USD),"$10,000.00",Heard Island and McDonald Islands,SUNY Jamestown Community College - FSA Residence Life
Debit/Credit Card in HNL,"L251,100.00",Honduras,SUNY Jamestown Community College - FSA Residence Life
International Bank Transfer in US Dollars (USD),"$10,000.00",Honduras,SUNY Jamestown Community College - FSA Residence Life
Domestic Bank Transfer in Hong Kong Dollars (HKD),"HK$79,630.00",Hong Kong,SUNY Jamestown Community College - FSA Residence Life
VISA: Debit/Credit in HKD,"HK$81,920.00",Hong Kong,SUNY Jamestown Community College - FSA Residence Life
MasterCard: Debit/Credit in HKD,"HK$81,920.00",Hong Kong,SUNY Jamestown Community College - FSA Residence Life
American Express in HKD,"HK$81,920.00",Hong Kong,SUNY Jamestown Community College - FSA Residence Life
Debit/Credit Card in HUF,"2.929.526,00 Ft",Hungary,SUNY Jamestown Community College - FSA Residence Life
Bank Transfer from a Hungarian Forint (HUF) Account,"2.873.510,00 Ft",Hungary,SUNY Jamestown Community College - FSA Residence Life
Online Bank Transfer,"2.873.510,00 Ft",Hungary,SUNY Jamestown Community College - FSA Residence Life
Debit/Credit Card in ISK,"kr1.135.400,00",Iceland,SUNY Jamestown Community College - FSA Residence Life
International Bank Transfer in US Dollars (USD),"$10,000.00",Iceland,SUNY Jamestown Community College - FSA Residence Life
Domestic Bank Transfer in Indian Rupees,"?693,287.00",India,SUNY Jamestown Community College - FSA Residence Life
VISA: Debit/Credit in INR,"?717,688.00",India,SUNY Jamestown Community College - FSA Residence Life
MasterCard: Debit/Credit in INR,"?717,688.00",India,SUNY Jamestown Community College - FSA Residence Life
Debit/Credit Card in IDR,"Rp149.400.000,00",Indonesia,SUNY Jamestown Community College - FSA Residence Life
International Bank Transfer in US Dollars (USD),"$10,000.00",Indonesia,SUNY Jamestown Community College - FSA Residence Life
International Bank Transfer in Euros (EUR),"8.779,00 €",Indonesia,SUNY Jamestown Community College - FSA Residence Life
International Bank Transfer in British Pounds (GBP),"£7,741.00",Indonesia,SUNY Jamestown Community College - FSA Residence Life
International Bank Transfer in US Dollars (USD),"$10,000.00",Iraq,SUNY Jamestown Community College - FSA Residence Life
Domestic Bank Transfer in Euros (EUR),"8.779,00 €",Ireland,SUNY Jamestown Community College - FSA Residence Life
VISA: Debit/Credit in EUR,"8.864,00 €",Ireland,SUNY Jamestown Community College - FSA Residence Life
MasterCard: Debit/Credit in EUR,"8.864,00 €",Ireland,SUNY Jamestown Community College - FSA Residence Life
American Express in EUR,"8.864,00 €",Ireland,SUNY Jamestown Community College - FSA Residence Life
PayPal in EUR,"8.949,00 €",Ireland,SUNY Jamestown Community College - FSA Residence Life
Online Bank Transfer,"8.779,00 €",Ireland,SUNY Jamestown Community College - FSA Residence Life
American Express in GBP,"£7,816.00",Isle of Man,SUNY Jamestown Community College - FSA Residence Life
VISA: Debit/Credit in GBP,"£7,816.00",Isle of Man,SUNY Jamestown Community College - FSA Residence Life
MasterCard: Debit/Credit in GBP,"£7,816.00",Isle of Man,SUNY Jamestown Community College - FSA Residence Life
International Bank Transfer in British Pounds (GBP),"£7,742.00",Isle of Man,SUNY Jamestown Community College - FSA Residence Life
Bank Transfer in Israeli Shekels (ILS),"?37,154.00",Israel,SUNY Jamestown Community College - FSA Residence Life
Debit/Credit Card in ILS,"?38,133.00",Israel,SUNY Jamestown Community College - FSA Residence Life
Domestic Bank Transfer in Euros (EUR),"8.779,00 €",Italy,SUNY Jamestown Community College - FSA Residence Life
VISA: Debit/Credit in EUR,"8.864,00 €",Italy,SUNY Jamestown Community College - FSA Residence Life
MasterCard: Debit/Credit in EUR,"8.864,00 €",Italy,SUNY Jamestown Community College - FSA Residence Life
American Express in EUR,"8.864,00 €",Italy,SUNY Jamestown Community College - FSA Residence Life
PayPal in EUR,"8.949,00 €",Italy,SUNY Jamestown Community College - FSA Residence Life
Online Bank Transfer,"8.779,00 €",Italy,SUNY Jamestown Community College - FSA Residence Life
Debit/Credit Card in JMD,"J$1,381,000.00",Jamaica,SUNY Jamestown Community College - FSA Residence Life
International Bank Transfer in US Dollars (USD),"$10,000.00",Jamaica,SUNY Jamestown Community College - FSA Residence Life
Bank Transfer in Japanese Yen (JPY),"¥1,125,500",Japan,SUNY Jamestown Community College - FSA Residence Life
VISA: Debit/Credit in JPY,"¥1,153,400",Japan,SUNY Jamestown Community College - FSA Residence Life
MasterCard: Debit/Credit in JPY,"¥1,153,400",Japan,SUNY Jamestown Community College - FSA Residence Life
American Express in JPY,"¥1,153,400",Japan,SUNY Jamestown Community College - FSA Residence Life
American Express in GBP,"£7,815.00",Jersey,SUNY Jamestown Community College - FSA Residence Life
VISA: Debit/Credit in GBP,"£7,815.00",Jersey,SUNY Jamestown Community College - FSA Residence Life
MasterCard: Debit/Credit in GBP,"£7,815.00",Jersey,SUNY Jamestown Community College - FSA Residence Life
International Bank Transfer in British Pounds (GBP),"£7,741.00",Jersey,SUNY Jamestown Community College - FSA Residence Life
Debit/Credit Card in JOD,"?.?7,472.00",Jordan,SUNY Jamestown Community College - FSA Residence Life
International Bank Transfer in US Dollars (USD),"$10,000.00",Jordan,SUNY Jamestown Community College - FSA Residence Life
Debit/Credit Card in KZT,"3,563,700.00 KZT",Kazakhstan,SUNY Jamestown Community College - FSA Residence Life
International Bank Transfer in US Dollars (USD),"$10,000.00",Kazakhstan,SUNY Jamestown Community College - FSA Residence Life
Debit/Credit Card in KES,"KSh1,061,754.00",Kenya,SUNY Jamestown Community College - FSA Residence Life
International Bank Transfer in Euros (EUR),"8.779,00 €",Kenya,SUNY Jamestown Community College - FSA Residence Life
International Bank Transfer in US Dollars (USD),"$10,000.00",Kenya,SUNY Jamestown Community College - FSA Residence Life
MasterCard: Debit/Credit in AUD,"A$14,150.00",Kiribati,SUNY Jamestown Community College - FSA Residence Life
VISA: Debit/Credit in AUD,"A$14,150.00",Kiribati,SUNY Jamestown Community College - FSA Residence Life
International Bank Transfer in US Dollars (USD),"$10,000.00",Kiribati,SUNY Jamestown Community College - FSA Residence Life
International Bank Transfer in New Zealand Dollar (NZD),"$14,792.00",Kiribati,SUNY Jamestown Community College - FSA Residence Life
Domestic Bank Transfer in South Korean Won (KRW),"?11,361,000.00","Korea, Republic of",SUNY Jamestown Community College - FSA Residence Life
Debit/Credit Card in KRW,"?11,756,000.00","Korea, Republic of",SUNY Jamestown Community College - FSA Residence Life
Debit/Credit Card in KWD,"?.?3,188.000",Kuwait,SUNY Jamestown Community College - FSA Residence Life
International Bank Transfer in US Dollars (USD),"$10,000.00",Kuwait,SUNY Jamestown Community College - FSA Residence Life
International Bank Transfer in Euros (EUR),"8.779,00 €",Latvia,SUNY Jamestown Community College - FSA Residence Life
VISA: Debit/Credit in EUR,"8.864,00 €",Latvia,SUNY Jamestown Community College - FSA Residence Life
MasterCard: Debit/Credit in EUR,"8.864,00 €",Latvia,SUNY Jamestown Community College - FSA Residence Life
American Express in EUR,"8.864,00 €",Latvia,SUNY Jamestown Community College - FSA Residence Life
PayPal in EUR,"8.949,00 €",Latvia,SUNY Jamestown Community College - FSA Residence Life
Online Bank Transfer,"8.779,00 €",Latvia,SUNY Jamestown Community College - FSA Residence Life
International Bank Transfer in Euros (EUR),"8.778,00 €",Latvia,SUNY Jamestown Community College - FSA Residence Life
VISA: Debit/Credit in EUR,"8.863,00 €",Latvia,SUNY Jamestown Community College - FSA Residence Life
MasterCard: Debit/Credit in EUR,"8.863,00 €",Latvia,SUNY Jamestown Community College - FSA Residence Life
American Express in EUR,"8.863,00 €",Latvia,SUNY Jamestown Community College - FSA Residence Life
PayPal in EUR,"8.948,00 €",Latvia,SUNY Jamestown Community College - FSA Residence Life
Online Bank Transfer,"8.778,00 €",Latvia,SUNY Jamestown Community College - FSA Residence Life
Debit/Credit Card in LBP,"£15,885,143.00",Lebanon,SUNY Jamestown Community College - FSA Residence Life
International Bank Transfer in US Dollars (USD),"$10,000.00",Lebanon,SUNY Jamestown Community College - FSA Residence Life
Debit/Credit Card in LSL,"142,700.00 L",Lesotho,SUNY Jamestown Community College - FSA Residence Life
MasterCard: Debit/Credit in ZAR,"R141,906.00",Lesotho,SUNY Jamestown Community College - FSA Residence Life
VISA: Debit/Credit in ZAR,"R141,906.00",Lesotho,SUNY Jamestown Community College - FSA Residence Life
International Bank Transfer in US Dollars (USD),"$10,000.00",Lesotho,SUNY Jamestown Community College - FSA Residence Life
MasterCard: Debit/Credit in CHF,"Fr10,340.00",Liechtenstein,SUNY Jamestown Community College - FSA Residence Life
VISA: Debit/Credit in CHF,"Fr10,340.00",Liechtenstein,SUNY Jamestown Community College - FSA Residence Life
International Bank Transfer in US Dollars (USD),"$10,000.00",Liechtenstein,SUNY Jamestown Community College - FSA Residence Life
MasterCard: Debit/Credit in CHF,"Fr10,340.00",Liechtenstein,SUNY Jamestown Community College - FSA Residence Life
VISA: Debit/Credit in CHF,"Fr10,340.00",Liechtenstein,SUNY Jamestown Community College - FSA Residence Life
International Bank Transfer in US Dollars (USD),"$10,000.00",Liechtenstein,SUNY Jamestown Community College - FSA Residence Life
Domestic Bank Transfer in Euros (EUR),"8.780,00 €",Lithuania,SUNY Jamestown Community College - FSA Residence Life
American Express in EUR,"8.864,00 €",Lithuania,SUNY Jamestown Community College - FSA Residence Life
PayPal in EUR,"8.950,00 €",Lithuania,SUNY Jamestown Community College - FSA Residence Life
Online Bank Transfer,"8.780,00 €",Lithuania,SUNY Jamestown Community College - FSA Residence Life
Domestic Bank Transfer in Euros (EUR),"8.780,00 €",Luxembourg,SUNY Jamestown Community College - FSA Residence Life
VISA: Debit/Credit in EUR,"8.865,00 €",Luxembourg,SUNY Jamestown Community College - FSA Residence Life
MasterCard: Debit/Credit in EUR,"8.865,00 €",Luxembourg,SUNY Jamestown Community College - FSA Residence Life
American Express in EUR,"8.865,00 €",Luxembourg,SUNY Jamestown Community College - FSA Residence Life
PayPal in EUR,"8.950,00 €",Luxembourg,SUNY Jamestown Community College - FSA Residence Life
Debit/Credit Card in MOP,"85,174.00 MOP$",Macao,SUNY Jamestown Community College - FSA Residence Life
International Bank Transfer in US Dollars (USD),"$10,000.00",Macao,SUNY Jamestown Community College - FSA Residence Life
International Bank Transfer in US Dollars (USD),"$10,000.00","Macedonia, the former Yugoslav Republic of",SUNY Jamestown Community College - FSA Residence Life
Debit/Credit Card in MKD,"553,450.00 ???","Macedonia, the former Yugoslav Republic of",SUNY Jamestown Community College - FSA Residence Life
Debit/Credit Card in MYR,"RM42,380.00",Malaysia,SUNY Jamestown Community College - FSA Residence Life
Domestic Bank Transfer in Malaysian Ringgit (MYR),"RM41,040.00",Malaysia,SUNY Jamestown Community College - FSA Residence Life
Debit/Credit Card in MYR,"RM42,380.00",Malaysia,SUNY Jamestown Community College - FSA Residence Life
Domestic Bank Transfer in Malaysian Ringgit (MYR),"RM41,040.00",Malaysia,SUNY Jamestown Community College - FSA Residence Life
Debit/Credit Card in MVR,"162,400.00 Rf",Maldives,SUNY Jamestown Community College - FSA Residence Life
International Bank Transfer in US Dollars (USD),"$10,000.00",Maldives,SUNY Jamestown Community College - FSA Residence Life
Debit/Credit Card in XOF,"5,901,100.00 CFA",Mali,SUNY Jamestown Community College - FSA Residence Life
International Bank Transfer in US Dollars (USD),"$10,000.00",Mali,SUNY Jamestown Community College - FSA Residence Life
Domestic Bank Transfer in Euros (EUR),"8.780,00 €",Malta,SUNY Jamestown Community College - FSA Residence Life
VISA: Debit/Credit in EUR,"8.864,00 €",Malta,SUNY Jamestown Community College - FSA Residence Life
MasterCard: Debit/Credit in EUR,"8.864,00 €",Malta,SUNY Jamestown Community College - FSA Residence Life
American Express in EUR,"8.864,00 €",Malta,SUNY Jamestown Community College - FSA Residence Life
PayPal in EUR,"8.950,00 €",Malta,SUNY Jamestown Community College - FSA Residence Life
Online Bank Transfer,"8.780,00 €",Malta,SUNY Jamestown Community College - FSA Residence Life
International Bank Transfer in US Dollars (USD),"$10,000.00",Marshall Islands,SUNY Jamestown Community College - FSA Residence Life
International Bank Transfer in Euros (EUR),"8.779,00 €",Martinique,SUNY Jamestown Community College - FSA Residence Life
International Bank Transfer in US Dollars (USD),"$10,000.00",Mauritania,SUNY Jamestown Community College - FSA Residence Life
MasterCard: Debit/Credit in MRO,"3,753,700.0 UM",Mauritania,SUNY Jamestown Community College - FSA Residence Life
VISA: Debit/Credit in MRO,"3,753,700.0 UM",Mauritania,SUNY Jamestown Community College - FSA Residence Life
Bank Transfer in Mauritian Rupee (MUR),"?355,093.00",Mauritius,SUNY Jamestown Community College - FSA Residence Life
Debit/Credit Card in MUR,"?366,693.00",Mauritius,SUNY Jamestown Community College - FSA Residence Life
International Bank Transfer in US Dollars (USD),"$10,000.00",Mayotte,SUNY Jamestown Community College - FSA Residence Life
Domestic Bank Transfer in Mexican Pesos (MXN),"$206,314.00",Mexico,SUNY Jamestown Community College - FSA Residence Life
Debit/Credit Card in MXN,"$209,793.00",Mexico,SUNY Jamestown Community College - FSA Residence Life
International Bank Transfer in US Dollars (USD),"$10,000.00","Micronesia, Federated States of",SUNY Jamestown Community College - FSA Residence Life
Debit/Credit Card in MNT,"25,879,900.00 ?",Mongolia,SUNY Jamestown Community College - FSA Residence Life
International Bank Transfer in US Dollars (USD),"$10,000.00",Mongolia,SUNY Jamestown Community College - FSA Residence Life
Debit/Credit Card in MNT,"25,876,100.00 ?",Mongolia,SUNY Jamestown Community College - FSA Residence Life
International Bank Transfer in US Dollars (USD),"$10,000.00",Mongolia,SUNY Jamestown Community College - FSA Residence Life
Domestic Bank Transfer in Euros (EUR),"8.778,00 €",Montenegro,SUNY Jamestown Community College - FSA Residence Life
VISA: Debit/Credit in EUR,"8.863,00 €",Montenegro,SUNY Jamestown Community College - FSA Residence Life
MasterCard: Debit/Credit in EUR,"8.863,00 €",Montenegro,SUNY Jamestown Community College - FSA Residence Life
American Express in EUR,"8.863,00 €",Montenegro,SUNY Jamestown Community College - FSA Residence Life
PayPal in EUR,"8.948,00 €",Montenegro,SUNY Jamestown Community College - FSA Residence Life
MasterCard: Debit/Credit in XCD,"$28,500.00",Montserrat,SUNY Jamestown Community College - FSA Residence Life
VISA: Debit/Credit in XCD,"$28,500.00",Montserrat,SUNY Jamestown Community College - FSA Residence Life
International Bank Transfer in US Dollars (USD),"$10,000.00",Montserrat,SUNY Jamestown Community College - FSA Residence Life
Debit/Credit Card in MAD,"99,867.00 ?.?.",Morocco,SUNY Jamestown Community College - FSA Residence Life
International Bank Transfer in US Dollars (USD),"$10,000.00",Morocco,SUNY Jamestown Community College - FSA Residence Life
Debit/Credit Card in MZN,"MTn626.600,00",Mozambique,SUNY Jamestown Community College - FSA Residence Life
International Bank Transfer in US Dollars (USD),"$10,000.00",Mozambique,SUNY Jamestown Community College - FSA Residence Life
International Bank Transfer in US Dollars (USD),"$10,000.00",Myanmar,SUNY Jamestown Community College - FSA Residence Life
Debit/Credit Card in NAD,"142,661.00 N$",Namibia,SUNY Jamestown Community College - FSA Residence Life
MasterCard: Debit/Credit in ZAR,"R141,886.00",Namibia,SUNY Jamestown Community College - FSA Residence Life
VISA: Debit/Credit in ZAR,"R141,886.00",Namibia,SUNY Jamestown Community College - FSA Residence Life
International Bank Transfer in US Dollars (USD),"$10,000.00",Namibia,SUNY Jamestown Community College - FSA Residence Life
International Bank Transfer in South African Rand (ZAR),"R139,187.00",Namibia,SUNY Jamestown Community College - FSA Residence Life
MasterCard: Debit/Credit in AUD,"A$14,150.00",Nauru,SUNY Jamestown Community College - FSA Residence Life
VISA: Debit/Credit in AUD,"A$14,150.00",Nauru,SUNY Jamestown Community College - FSA Residence Life
International Bank Transfer in US Dollars (USD),"$10,000.00",Nauru,SUNY Jamestown Community College - FSA Residence Life
Debit/Credit Card in NPR,"?1,155,070.00",Nepal,SUNY Jamestown Community College - FSA Residence Life
International Bank Transfer in US Dollars (USD),"$10,000.00",Nepal,SUNY Jamestown Community College - FSA Residence Life
Online Bank Transfer,"8.778,00 €",Netherlands,SUNY Jamestown Community College - FSA Residence Life
Domestic Bank Transfer in Euros (EUR),"8.778,00 €",Netherlands,SUNY Jamestown Community College - FSA Residence Life
VISA: Debit/Credit in EUR,"8.863,00 €",Netherlands,SUNY Jamestown Community College - FSA Residence Life
MasterCard: Debit/Credit in EUR,"8.863,00 €",Netherlands,SUNY Jamestown Community College - FSA Residence Life
American Express in EUR,"8.863,00 €",Netherlands,SUNY Jamestown Community College - FSA Residence Life
PayPal in EUR,"8.949,00 €",Netherlands,SUNY Jamestown Community College - FSA Residence Life
Debit/Credit Card in XPF,"1,073,428.00 Fr",New Caledonia,SUNY Jamestown Community College - FSA Residence Life
International Bank Transfer in US Dollars (USD),"$10,000.00",New Caledonia,SUNY Jamestown Community College - FSA Residence Life
Bank Transfer in New Zealand Dollar (NZD),"$14,958.00",New Zealand,SUNY Jamestown Community College - FSA Residence Life
VISA: Debit/Credit in NZD,"$15,209.00",New Zealand,SUNY Jamestown Community College - FSA Residence Life
MasterCard: Debit/Credit in NZD,"$15,209.00",New Zealand,SUNY Jamestown Community College - FSA Residence Life
Debit/Credit Card in NIO,"332,600.00 C$",Nicaragua,SUNY Jamestown Community College - FSA Residence Life
International Bank Transfer in US Dollars (USD),"$10,000.00",Nicaragua,SUNY Jamestown Community College - FSA Residence Life
Debit/Credit Card in XOF,"5,900,700.00 CFA",Niger,SUNY Jamestown Community College - FSA Residence Life
International Bank Transfer in US Dollars (USD),"$10,000.00",Niger,SUNY Jamestown Community College - FSA Residence Life
Online Bank Transfer in NGN,"3,851,064.00 ?",Nigeria,SUNY Jamestown Community College - FSA Residence Life
Debit/Credit Card in NGN,"3,851,064.00 ?",Nigeria,SUNY Jamestown Community College - FSA Residence Life
International Bank Transfer in US Dollars (USD),"$10,000.00",Nigeria,SUNY Jamestown Community College - FSA Residence Life
International Bank Transfer in Euros (EUR),"8.779,00 €",Nigeria,SUNY Jamestown Community College - FSA Residence Life
International Bank Transfer in New Zealand Dollar (NZD),"$14,794.00",Niue,SUNY Jamestown Community College - FSA Residence Life
MasterCard: Debit/Credit in AUD,"A$14,150.00",Norfolk Island,SUNY Jamestown Community College - FSA Residence Life
VISA: Debit/Credit in AUD,"A$14,150.00",Norfolk Island,SUNY Jamestown Community College - FSA Residence Life
International Bank Transfer in US Dollars (USD),"$10,000.00",Norfolk Island,SUNY Jamestown Community College - FSA Residence Life
International Bank Transfer in US Dollars (USD),"$10,000.00",Northern Mariana Islands,SUNY Jamestown Community College - FSA Residence Life
Domestic Bank Transfer in Norwegian Krone (NOK),"kr83.271,00",Norway,SUNY Jamestown Community College - FSA Residence Life
VISA: Debit/Credit in NOK,"kr84.075,00",Norway,SUNY Jamestown Community College - FSA Residence Life
MasterCard: Debit/Credit in NOK,"kr84.075,00",Norway,SUNY Jamestown Community College - FSA Residence Life
American Express in NOK,"kr84.075,00",Norway,SUNY Jamestown Community College - FSA Residence Life
Online Bank Transfer,"kr83.271,00",Norway,SUNY Jamestown Community College - FSA Residence Life
Debit/Credit Card in OMR,"?.?.4,052.000",Oman,SUNY Jamestown Community College - FSA Residence Life
International Bank Transfer in US Dollars (USD),"$10,000.00",Oman,SUNY Jamestown Community College - FSA Residence Life
Debit/Credit Card in PKR,"?1,281,560.00",Pakistan,SUNY Jamestown Community College - FSA Residence Life
International Bank Transfer in US Dollars (USD),"$10,000.00",Pakistan,SUNY Jamestown Community College - FSA Residence Life
International Bank Transfer in US Dollars (USD),"$10,000.00",Palau,SUNY Jamestown Community College - FSA Residence Life
International Bank Transfer in US Dollars (USD),"$10,000.00","Palestinian Territory, Occupied",SUNY Jamestown Community College - FSA Residence Life
International Bank Transfer in US Dollars (USD),"$10,000.00",Panama,SUNY Jamestown Community College - FSA Residence Life
Debit/Credit Card in PGK,"34,349.00 K",Papua New Guinea,SUNY Jamestown Community College - FSA Residence Life
International Bank Transfer in US Dollars (USD),"$10,000.00",Papua New Guinea,SUNY Jamestown Community College - FSA Residence Life
International Bank Transfer in New Zealand Dollar (NZD),"$14,794.00",Papua New Guinea,SUNY Jamestown Community College - FSA Residence Life
Debit/Credit Card in PYG,"?59,927,300.00",Paraguay,SUNY Jamestown Community College - FSA Residence Life
International Bank Transfer in US Dollars (USD),"$10,000.00",Paraguay,SUNY Jamestown Community College - FSA Residence Life
Debit/Credit Card in PEN,"S/.34,458.00",Peru,SUNY Jamestown Community College - FSA Residence Life
International Bank Transfer in US Dollars (USD),"$10,000.00",Peru,SUNY Jamestown Community College - FSA Residence Life
International Bank Transfer in British Pounds (GBP),"£7,738.00",Peru,SUNY Jamestown Community College - FSA Residence Life
International Bank Transfer in Euros (EUR),"8.778,00 €",Peru,SUNY Jamestown Community College - FSA Residence Life
Debit/Credit Card in PHP,"?562,855.00",Philippines,SUNY Jamestown Community College - FSA Residence Life
International Bank Transfer in US Dollars (USD),"$10,000.00",Philippines,SUNY Jamestown Community College - FSA Residence Life
International Bank Transfer in New Zealand Dollar (NZD),"$14,795.00",Pitcairn,SUNY Jamestown Community College - FSA Residence Life
Bank Transfer from a Polish Z?oty (PLN) Account,"38,363.00 z?",Poland,SUNY Jamestown Community College - FSA Residence Life
Debit/Credit Card in PLN,"39,110.00 z?",Poland,SUNY Jamestown Community College - FSA Residence Life
Online Bank Transfer,"38,363.00 z?",Poland,SUNY Jamestown Community College - FSA Residence Life
Domestic Bank Transfer in Euros (EUR),"8.778,00 €",Portugal,SUNY Jamestown Community College - FSA Residence Life
VISA: Debit/Credit in EUR,"8.863,00 €",Portugal,SUNY Jamestown Community College - FSA Residence Life
MasterCard: Debit/Credit in EUR,"8.863,00 €",Portugal,SUNY Jamestown Community College - FSA Residence Life
American Express in EUR,"8.863,00 €",Portugal,SUNY Jamestown Community College - FSA Residence Life
PayPal in EUR,"8.948,00 €",Portugal,SUNY Jamestown Community College - FSA Residence Life
Online Bank Transfer,"8.778,00 €",Portugal,SUNY Jamestown Community College - FSA Residence Life
International Bank Transfer in US Dollars (USD),"$10,000.00",Puerto Rico,SUNY Jamestown Community College - FSA Residence Life
Bank Transfer in Qatari Riyal (QAR),"37,449.00 ?.?",Qatar,SUNY Jamestown Community College - FSA Residence Life
Debit/Credit Card in QAR,"38,357.00 ?.?",Qatar,SUNY Jamestown Community College - FSA Residence Life
International Bank Transfer in Euros (EUR),"8.778,00 €",Réunion,SUNY Jamestown Community College - FSA Residence Life
Debit/Credit Card in RON,"RON41.998,00",Romania,SUNY Jamestown Community College - FSA Residence Life
Bank Transfer in Romanian Leu (RON),"RON41.195,00",Romania,SUNY Jamestown Community College - FSA Residence Life
Online Bank Transfer,"RON41.195,00",Romania,SUNY Jamestown Community College - FSA Residence Life
Debit/Credit Card in RUB,"661.440,00 ???",Russian Federation,SUNY Jamestown Community College - FSA Residence Life
International Bank Transfer in US Dollars (USD),"$10,000.00",Russian Federation,SUNY Jamestown Community College - FSA Residence Life
International Bank Transfer in Euros (EUR),"8.779,00 €",Russian Federation,SUNY Jamestown Community College - FSA Residence Life
International Bank Transfer in British Pounds (GBP),"£7,738.00",Russian Federation,SUNY Jamestown Community College - FSA Residence Life
Debit/Credit Card in RWF,"9,160,700.00 FRw",Rwanda,SUNY Jamestown Community College - FSA Residence Life
International Bank Transfer in US Dollars (USD),"$10,000.00",Rwanda,SUNY Jamestown Community College - FSA Residence Life
Domestic Bank Transfer in Euros (EUR),"8.779,00 €",Saint Barthélemy,SUNY Jamestown Community College - FSA Residence Life
PayPal in EUR,"8.949,00 €",Saint Barthélemy,SUNY Jamestown Community College - FSA Residence Life
Debit/Credit Card in XCD,"$28,500.00",Saint Lucia,SUNY Jamestown Community College - FSA Residence Life
International Bank Transfer in US Dollars (USD),"$10,000.00",Saint Lucia,SUNY Jamestown Community College - FSA Residence Life
Debit/Credit Card in XCD,"$28,500.00",Saint Lucia,SUNY Jamestown Community College - FSA Residence Life
International Bank Transfer in US Dollars (USD),"$10,000.00",Saint Lucia,SUNY Jamestown Community College - FSA Residence Life
International Bank Transfer in US Dollars (USD),"$10,000.00",Saint Martin (French part),SUNY Jamestown Community College - FSA Residence Life
PayPal in EUR,"8.949,00 €",Saint Pierre and Miquelon,SUNY Jamestown Community College - FSA Residence Life
International Bank Transfer in US Dollars (USD),"$10,000.00",Saint Pierre and Miquelon,SUNY Jamestown Community College - FSA Residence Life
International Bank Transfer in Canadian Dollars (CAD),"$13,638.00",Saint Pierre and Miquelon,SUNY Jamestown Community College - FSA Residence Life
Debit/Credit Card in XCD,"$28,500.00",Saint Vincent and the Grenadines,SUNY Jamestown Community College - FSA Residence Life
International Bank Transfer in US Dollars (USD),"$10,000.00",Saint Vincent and the Grenadines,SUNY Jamestown Community College - FSA Residence Life
Bank Transfer in Saudi Riyal (SAR),"?.?38,581.00",Saudi Arabia,SUNY Jamestown Community College - FSA Residence Life
Debit/Credit Card in SAR,"?.?39,516.00",Saudi Arabia,SUNY Jamestown Community College - FSA Residence Life
Bank Transfer in Saudi Riyal (SAR),"?.?38,581.00",Saudi Arabia,SUNY Jamestown Community College - FSA Residence Life
Debit/Credit Card in SAR,"?.?39,516.00",Saudi Arabia,SUNY Jamestown Community College - FSA Residence Life
Debit/Credit Card in XOF,"5,900,300.00 CFA",Senegal,SUNY Jamestown Community College - FSA Residence Life
International Bank Transfer in US Dollars (USD),"$10,000.00",Senegal,SUNY Jamestown Community College - FSA Residence Life
Debit/Credit Card in RSD,"???1,062,000.00",Serbia,SUNY Jamestown Community College - FSA Residence Life
International Bank Transfer in US Dollars (USD),"$10,000.00",Serbia,SUNY Jamestown Community College - FSA Residence Life
International Bank Transfer in Euros (EUR),"8.778,00 €",Serbia,SUNY Jamestown Community College - FSA Residence Life
Debit/Credit Card in SCR,"142,535.00 ?",Seychelles,SUNY Jamestown Community College - FSA Residence Life
International Bank Transfer in US Dollars (USD),"$10,000.00",Seychelles,SUNY Jamestown Community College - FSA Residence Life
Debit/Credit Card in SLL,"85,032,300.00 Le",Sierra Leone,SUNY Jamestown Community College - FSA Residence Life
International Bank Transfer in US Dollars (USD),"$10,000.00",Sierra Leone,SUNY Jamestown Community College - FSA Residence Life
Bank Transfer in Singapore Dollar(SGD),"S$13,960.00",Singapore,SUNY Jamestown Community College - FSA Residence Life
VISA: Debit/Credit in SGD,"S$14,267.00",Singapore,SUNY Jamestown Community College - FSA Residence Life
MasterCard: Debit/Credit in SGD,"S$14,267.00",Singapore,SUNY Jamestown Community College - FSA Residence Life
American Express in SGD,"S$14,267.00",Singapore,SUNY Jamestown Community College - FSA Residence Life
Domestic Bank Transfer in Euros (EUR),"8.778,00 €",Slovenia,SUNY Jamestown Community College - FSA Residence Life
VISA: Debit/Credit in EUR,"8.863,00 €",Slovenia,SUNY Jamestown Community College - FSA Residence Life
MasterCard: Debit/Credit in EUR,"8.863,00 €",Slovenia,SUNY Jamestown Community College - FSA Residence Life
American Express in EUR,"8.863,00 €",Slovenia,SUNY Jamestown Community College - FSA Residence Life
PayPal in EUR,"8.948,00 €",Slovenia,SUNY Jamestown Community College - FSA Residence Life
Online Bank Transfer,"8.778,00 €",Slovenia,SUNY Jamestown Community College - FSA Residence Life
Domestic Bank Transfer in Euros (EUR),"8.779,00 €",Slovenia,SUNY Jamestown Community College - FSA Residence Life
VISA: Debit/Credit in EUR,"8.863,00 €",Slovenia,SUNY Jamestown Community College - FSA Residence Life
MasterCard: Debit/Credit in EUR,"8.863,00 €",Slovenia,SUNY Jamestown Community College - FSA Residence Life
American Express in EUR,"8.863,00 €",Slovenia,SUNY Jamestown Community College - FSA Residence Life
PayPal in EUR,"8.949,00 €",Slovenia,SUNY Jamestown Community College - FSA Residence Life
Online Bank Transfer,"8.779,00 €",Slovenia,SUNY Jamestown Community College - FSA Residence Life
Bank Transfer in South African Rand (ZAR),"R140,343.00",South Africa,SUNY Jamestown Community College - FSA Residence Life
VISA: Debit/Credit in ZAR,"R141,961.00",South Africa,SUNY Jamestown Community College - FSA Residence Life
MasterCard: Debit/Credit in ZAR,"R141,961.00",South Africa,SUNY Jamestown Community College - FSA Residence Life
American Express in ZAR,"R141,961.00",South Africa,SUNY Jamestown Community College - FSA Residence Life
Bank Transfer in South African Rand (ZAR),"R140,339.00",South Africa,SUNY Jamestown Community College - FSA Residence Life
VISA: Debit/Credit in ZAR,"R141,957.00",South Africa,SUNY Jamestown Community College - FSA Residence Life
MasterCard: Debit/Credit in ZAR,"R141,957.00",South Africa,SUNY Jamestown Community College - FSA Residence Life
American Express in ZAR,"R141,957.00",South Africa,SUNY Jamestown Community College - FSA Residence Life
MasterCard: Debit/Credit in GBP,"£7,812.00",South Georgia and the South Sandwich Islands,SUNY Jamestown Community College - FSA Residence Life
VISA: Debit/Credit in GBP,"£7,812.00",South Georgia and the South Sandwich Islands,SUNY Jamestown Community College - FSA Residence Life
International Bank Transfer in US Dollars (USD),"$10,000.00",South Georgia and the South Sandwich Islands,SUNY Jamestown Community College - FSA Residence Life
International Bank Transfer in US Dollars (USD),"$10,000.00",South Sudan,SUNY Jamestown Community College - FSA Residence Life
International Bank Transfer in Euros (EUR),"8.778,00 €",South Sudan,SUNY Jamestown Community College - FSA Residence Life
Domestic Bank Transfer in Euros (EUR),"8.778,00 €",Spain,SUNY Jamestown Community College - FSA Residence Life
VISA: Debit/Credit in EUR,"8.863,00 €",Spain,SUNY Jamestown Community College - FSA Residence Life
MasterCard: Debit/Credit in EUR,"8.863,00 €",Spain,SUNY Jamestown Community College - FSA Residence Life
American Express in EUR,"8.863,00 €",Spain,SUNY Jamestown Community College - FSA Residence Life
PayPal in EUR,"8.948,00 €",Spain,SUNY Jamestown Community College - FSA Residence Life
Online Bank Transfer,"8.778,00 €",Spain,SUNY Jamestown Community College - FSA Residence Life
Debit/Credit Card in LKR,"1,674,200.00 ?",Sri Lanka,SUNY Jamestown Community College - FSA Residence Life
International Bank Transfer in US Dollars (USD),"$10,000.00",Sri Lanka,SUNY Jamestown Community College - FSA Residence Life
Debit/Credit Card in SZL,"E142,710.00",Swaziland,SUNY Jamestown Community College - FSA Residence Life
MasterCard: Debit/Credit in ZAR,"R141,966.00",Swaziland,SUNY Jamestown Community College - FSA Residence Life
VISA: Debit/Credit in ZAR,"R141,966.00",Swaziland,SUNY Jamestown Community College - FSA Residence Life
International Bank Transfer in US Dollars (USD),"$10,000.00",Swaziland,SUNY Jamestown Community College - FSA Residence Life
Debit/Credit Card in SZL,"E142,710.00",Swaziland,SUNY Jamestown Community College - FSA Residence Life
MasterCard: Debit/Credit in ZAR,"R141,965.00",Swaziland,SUNY Jamestown Community College - FSA Residence Life
VISA: Debit/Credit in ZAR,"R141,965.00",Swaziland,SUNY Jamestown Community College - FSA Residence Life
International Bank Transfer in US Dollars (USD),"$10,000.00",Swaziland,SUNY Jamestown Community College - FSA Residence Life
Domestic Bank Transfer in Swedish Krona (SEK),"kr90,910.00",Sweden,SUNY Jamestown Community College - FSA Residence Life
VISA: Debit/Credit in SEK,"kr91,788.00",Sweden,SUNY Jamestown Community College - FSA Residence Life
MasterCard: Debit/Credit in SEK,"kr91,788.00",Sweden,SUNY Jamestown Community College - FSA Residence Life
Online Bank Transfer,"kr90,910.00",Sweden,SUNY Jamestown Community College - FSA Residence Life
Domestic Bank Transfer in Swiss Francs (CHF),"Fr10,142.00",Switzerland,SUNY Jamestown Community College - FSA Residence Life
VISA: Debit/Credit in CHF,"Fr10,339.00",Switzerland,SUNY Jamestown Community College - FSA Residence Life
MasterCard: Debit/Credit in CHF,"Fr10,339.00",Switzerland,SUNY Jamestown Community College - FSA Residence Life
Debit/Credit Card in TWD,"320,375.00 NT$",Taiwan,SUNY Jamestown Community College - FSA Residence Life
International Bank Transfer in US Dollars (USD),"$10,000.00",Taiwan,SUNY Jamestown Community College - FSA Residence Life
International Bank Transfer in Euros (EUR),"8.778,00 €",Taiwan,SUNY Jamestown Community College - FSA Residence Life
International Bank Transfer in British Pounds (GBP),"£7,738.00",Taiwan,SUNY Jamestown Community College - FSA Residence Life
Debit/Credit Card in THB,"?347,441.00",Thailand,SUNY Jamestown Community College - FSA Residence Life
Bank Transfer in Thai Baht (THB),"?337,830.00",Thailand,SUNY Jamestown Community College - FSA Residence Life
Debit/Credit Card in THB,"?347,441.00",Thailand,SUNY Jamestown Community College - FSA Residence Life
Bank Transfer in Thai Baht (THB),"?337,830.00",Thailand,SUNY Jamestown Community College - FSA Residence Life
International Bank Transfer in US Dollars (USD),"$10,000.00",Timor-Leste,SUNY Jamestown Community College - FSA Residence Life
VISA: Debit/Credit in XAF,"5,900,200.00 Fr",Togo,SUNY Jamestown Community College - FSA Residence Life
MasterCard: Debit/Credit in XAF,"5,900,200.00 Fr",Togo,SUNY Jamestown Community College - FSA Residence Life
International Bank Transfer in US Dollars (USD),"$10,000.00",Togo,SUNY Jamestown Community College - FSA Residence Life
International Bank Transfer in New Zealand Dollar (NZD),"$14,795.00",Tokelau,SUNY Jamestown Community College - FSA Residence Life
Debit/Credit Card in TOP,"T$23,967.00",Tonga,SUNY Jamestown Community College - FSA Residence Life
International Bank Transfer in US Dollars (USD),"$10,000.00",Tonga,SUNY Jamestown Community College - FSA Residence Life
Debit/Credit Card in TTD,"70,632.00 TT$",Trinidad and Tobago,SUNY Jamestown Community College - FSA Residence Life
International Bank Transfer in US Dollars (USD),"$10,000.00",Trinidad and Tobago,SUNY Jamestown Community College - FSA Residence Life
International Bank Transfer in Canadian Dollars (CAD),"$13,638.00",Trinidad and Tobago,SUNY Jamestown Community College - FSA Residence Life
Debit/Credit Card in TND,"27,439.000 dt",Tunisia,SUNY Jamestown Community College - FSA Residence Life
International Bank Transfer in Euros (EUR),"8.778,00 €",Tunisia,SUNY Jamestown Community College - FSA Residence Life
International Bank Transfer in US Dollars (USD),"$10,000.00",Tunisia,SUNY Jamestown Community College - FSA Residence Life
International Bank Transfer in British Pounds (GBP),"£7,738.00",Tunisia,SUNY Jamestown Community College - FSA Residence Life
Debit/Credit Card in TRY,"49,369.00 TL",Turkey,SUNY Jamestown Community College - FSA Residence Life
Domestic Bank Transfer in Turkish Lira (TRY),"48,102.00 TL",Turkey,SUNY Jamestown Community College - FSA Residence Life
International Bank Transfer in US Dollars (USD),"$10,000.00",Turkmenistan,SUNY Jamestown Community College - FSA Residence Life
International Bank Transfer in US Dollars (USD),"$10,000.00",Turks and Caicos Islands,SUNY Jamestown Community College - FSA Residence Life
MasterCard: Debit/Credit in AUD,"A$14,150.00",Tuvalu,SUNY Jamestown Community College - FSA Residence Life
VISA: Debit/Credit in AUD,"A$14,150.00",Tuvalu,SUNY Jamestown Community College - FSA Residence Life
International Bank Transfer in New Zealand Dollar (NZD),"$14,792.00",Tuvalu,SUNY Jamestown Community College - FSA Residence Life
International Bank Transfer in US Dollars (USD),"$10,000.00",Tuvalu,SUNY Jamestown Community College - FSA Residence Life
Debit/Credit Card in UGX,"40,747,000.00 USh",Uganda,SUNY Jamestown Community College - FSA Residence Life
International Bank Transfer in US Dollars (USD),"$10,000.00",Uganda,SUNY Jamestown Community College - FSA Residence Life
Debit/Credit Card in UAH,"274,595.00 ?",Ukraine,SUNY Jamestown Community College - FSA Residence Life
International Bank Transfer in Euros (EUR),"8.778,00 €",Ukraine,SUNY Jamestown Community College - FSA Residence Life
VISA: Debit/Credit in EUR,"8.863,00 €",Ukraine,SUNY Jamestown Community College - FSA Residence Life
MasterCard: Debit/Credit in EUR,"8.863,00 €",Ukraine,SUNY Jamestown Community College - FSA Residence Life
International Bank Transfer in US Dollars (USD),"$10,000.00",Ukraine,SUNY Jamestown Community College - FSA Residence Life
Bank Transfer in Emirati Dirham (AED),"?.?37,399.00",United Arab Emirates,SUNY Jamestown Community College - FSA Residence Life
Debit/Credit Card in AED,"?.?38,699.00",United Arab Emirates,SUNY Jamestown Community College - FSA Residence Life
American Express in AED,"?.?38,699.00",United Arab Emirates,SUNY Jamestown Community College - FSA Residence Life
Domestic Bank Transfer in British Pounds (GBP),"£7,738.00",United Kingdom,SUNY Jamestown Community College - FSA Residence Life
VISA: Debit/Credit in GBP,"£7,813.00",United Kingdom,SUNY Jamestown Community College - FSA Residence Life
MasterCard: Debit/Credit in GBP,"£7,813.00",United Kingdom,SUNY Jamestown Community College - FSA Residence Life
American Express in GBP,"£7,813.00",United Kingdom,SUNY Jamestown Community College - FSA Residence Life
PayPal in GBP,"£7,888.00",United Kingdom,SUNY Jamestown Community College - FSA Residence Life
Online Bank Transfer,"£7,738.00",United Kingdom,SUNY Jamestown Community College - FSA Residence Life
Debit/Credit Card in UYU,"$332.300,00",Uruguay,SUNY Jamestown Community College - FSA Residence Life
International Bank Transfer in US Dollars (USD),"$10,000.00",Uruguay,SUNY Jamestown Community College - FSA Residence Life
International Bank Transfer in US Dollars (USD),"$10,000.00",Uzbekistan,SUNY Jamestown Community College - FSA Residence Life
Debit/Credit Card in UZS,"82,994,000.00 ??",Uzbekistan,SUNY Jamestown Community College - FSA Residence Life
Debit/Credit Card in VUV,"Vt1,158,804",Vanuatu,SUNY Jamestown Community College - FSA Residence Life
International Bank Transfer in US Dollars (USD),"$10,000.00",Vanuatu,SUNY Jamestown Community College - FSA Residence Life
International Bank Transfer in New Zealand Dollar (NZD),"$14,824.00",Vanuatu,SUNY Jamestown Community College - FSA Residence Life
MasterCard: Debit/Credit in EUR,"8.876,00 €",Holy See (Vatican City State),SUNY Jamestown Community College - FSA Residence Life
VISA: Debit/Credit in EUR,"8.876,00 €",Holy See (Vatican City State),SUNY Jamestown Community College - FSA Residence Life
Domestic Bank Transfer in Euros (EUR),"8.791,00 €",Holy See (Vatican City State),SUNY Jamestown Community College - FSA Residence Life
PayPal in EUR,"8.962,00 €",Holy See (Vatican City State),SUNY Jamestown Community College - FSA Residence Life
International Bank Transfer in US Dollars (USD),"$10,000.00","Venezuela, Bolivarian Republic of",SUNY Jamestown Community College - FSA Residence Life
Debit/Credit Card in VND,"?241.645.900,0",Viet Nam,SUNY Jamestown Community College - FSA Residence Life
International Bank Transfer in US Dollars (USD),"$10,000.00",Viet Nam,SUNY Jamestown Community College - FSA Residence Life
International Bank Transfer in US Dollars (USD),"$10,000.00","Virgin Islands, British",SUNY Jamestown Community College - FSA Residence Life
International Bank Transfer in US Dollars (USD),"$10,000.00","Virgin Islands, U.S.",SUNY Jamestown Community College - FSA Residence Life
Debit/Credit Card in XPF,"1,074,978.00 Fr",Wallis and Futuna,SUNY Jamestown Community College - FSA Residence Life
International Bank Transfer in New Zealand Dollar (NZD),"$14,819.00",Wallis and Futuna,SUNY Jamestown Community College - FSA Residence Life
International Bank Transfer in US Dollars (USD),"$10,000.00",Wallis and Futuna,SUNY Jamestown Community College - FSA Residence Life
International Bank Transfer in US Dollars (USD),"$10,000.00",Western Sahara,SUNY Jamestown Community College - FSA Residence Life
Debit/Credit Card in YER,"2,637,600.00 ?",Yemen,SUNY Jamestown Community College - FSA Residence Life
International Bank Transfer in US Dollars (USD),"$10,000.00",Yemen,SUNY Jamestown Community College - FSA Residence Life
International Bank Transfer in US Dollars (USD),"$10,000.00",Zambia,SUNY Jamestown Community College - FSA Residence Life
International Bank Transfer in South African Rand (ZAR),"R139,724.00",Zambia,SUNY Jamestown Community College - FSA Residence Life
International Bank Transfer in US Dollars (USD),"$10,000.00",Zimbabwe,SUNY Jamestown Community College - FSA Residence Life
International Bank Transfer in South African Rand (ZAR),"R139,726.00",Zimbabwe,SUNY Jamestown Community College - FSA Residence Life
