1483,1483,1483,1483,1483,1483,1483,1483,1483,1483,1483,1483,1483,1483,1483,1483,1483,1483,1483,1483,1483,1483,1483,1483,1483,1483,1483,1483,1483,1483,1483,1483,1483,3341,3341,3341,3341
https://www.flywire.com/pay/2daylanguages,https://www.flywire.com/pay/2daylanguages,https://www.flywire.com/pay/2daylanguages,https://www.flywire.com/pay/2daylanguages,https://www.flywire.com/pay/2daylanguages,https://www.flywire.com/pay/2daylanguages,https://www.flywire.com/pay/2daylanguages,https://www.flywire.com/pay/2daylanguages,https://www.flywire.com/pay/2daylanguages,https://www.flywire.com/pay/2daylanguages,https://www.flywire.com/pay/2daylanguages,https://www.flywire.com/pay/2daylanguages,https://www.flywire.com/pay/2daylanguages,https://www.flywire.com/pay/2daylanguages,https://www.flywire.com/pay/2daylanguages,https://www.flywire.com/pay/2daylanguages,https://www.flywire.com/pay/2daylanguages,https://www.flywire.com/pay/2daylanguages,https://www.flywire.com/pay/2daylanguages,https://www.flywire.com/pay/2daylanguages,https://www.flywire.com/pay/2daylanguages,https://www.flywire.com/pay/2daylanguages,https://www.flywire.com/pay/2daylanguages,https://www.flywire.com/pay/2daylanguages,https://www.flywire.com/pay/2daylanguages,https://www.flywire.com/pay/2daylanguages,https://www.flywire.com/pay/2daylanguages,https://www.flywire.com/pay/2daylanguages,https://www.flywire.com/pay/2daylanguages,https://www.flywire.com/pay/2daylanguages,https://www.flywire.com/pay/2daylanguages,https://www.flywire.com/pay/2daylanguages,https://www.flywire.com/pay/2daylanguages,https://www.flywire.com/pay/sunyjccresidence,https://www.flywire.com/pay/sunyjccresidence,https://www.flywire.com/pay/sunyjccresidence,https://www.flywire.com/pay/sunyjccresidence
India,India,India,India,China,China,China,China,China,China,China,China,China,Australia,Australia,Australia,Australia,Australia,Australia,United States,United States,United States,United States,United States,United Kingdom,United Kingdom,United Kingdom,United Kingdom,United Kingdom,United Kingdom,United Kingdom,Germany,Germany,India,India,India,India
INR,INR,USD,EUR,CNY,CNY,CNY,CNY,CNY,EUR,USD,USD,USD,AUD,AUD,AUD,EUR,NZD,USD,USD,USD,USD,USD,EUR,GBP,GBP,GBP,GBP,GBP,EUR,USD,EUR,USD,INR,INR,INR,USD
EUR,EUR,EUR,EUR,EUR,EUR,EUR,EUR,EUR,EUR,EUR,EUR,EUR,EUR,EUR,EUR,EUR,EUR,EUR,EUR,EUR,EUR,EUR,EUR,EUR,EUR,EUR,EUR,EUR,EUR,EUR,EUR,EUR,USD,USD,USD,USD
1000.00,1000.00,1000.00,1000.00,0.00,0.00,0.00,0.00,0.00,0.00,0.00,0.00,0.00,1000.00,1000.00,1000.00,1000.00,1000.00,1000.00,1000.00,1000.00,1000.00,1000.00,1000.00,1000.00,1000.00,1000.00,1000.00,1000.00,1000.00,1000.00,1000.00,1000.00,0.00,0.00,0.00,0.00
0.016,0.051,0.0175,0.0275,0.0163,0.0163,0.0163,0.0212,0.051,0.0275,0.046,0.046,0.0175,0.0261,0.046,0.046,0.0275,0.0193,0.0175,0.0175,0.046,0.04,0.046,0.0275,0.028,0.0368,0.046,0.0275,0.0368,0.0275,0.0175,0.0275,0.0175,0.016,0.051,0.051,0.021
0.0,0.0,0.0,30.0,0.0,0.0,0.0,0.0,0.0,30.0,0.0,0.0,0.0,0.0,0.0,0.0,30.0,0.0,0.0,0.0,0.0,0.0,0.0,30.0,0.0,0.0,0.0,0.0,0.0,30.0,0.0,0.0,0.0,0.0,0.0,0.0,30.0
1,2,3,4,1,2,3,4,5,6,7,8,9,1,2,3,4,5,6,1,2,3,4,5,1,2,3,4,5,6,7,1,2,1,2,3,4
29779,225183,28907,28906,56220,29774,29777,29775,225182,28905,225234,229043,28904,28913,167637,225201,28995,28994,28996,29529,167658,178565,225092,29535,28947,86876,190497,222190,225088,28950,29526,28943,28945,142226,33433,33434,23601
"Domestic Bank Transfer in Indian Rupees (INR)
- Supports transfers from ALL Indian banks
- Payment methods: National Electronic Fund Transfer (NEFT)/Real Time Gross Settlement (RTGS).
(Price inclusive of fees and service tax)","Debit/Credit Card in INR
Use this option for cards issued in INR
Supports",,,?????????? Domestic Transfer ????????????,??? - (Alipay.com),??? – (UnionPay),???? eBanking ????????????,Debit/Credit Card in CNY,,MasterCard in USD,VISA in USD,,Domestic Bank Transfer in AUD (EFT),"American Express in AUD
American Express in AUD
Supports","Debit/Credit Card in AUD
Use this option for cards issued in AUD
Supports",,,,Domestic Bank Transfer in US Dollars (USD),"American Express in USD
Use this option for cards issued in USD
Supports","PayPal in USD
Paying online via your PayPal e-wallet. Venmo only supported in mobile browser.
Supports","Debit/Credit Card in USD
Use this option for cards issued in USD.
Supports",,Domestic Bank Transfer in British Pounds (GBP),"American Express in GBP
Use this option for cards issued in GBP
Supports","PayPal in GBP
Paying online via your PayPal e-wallet
Supports","Online Bank Transfer
Pay directly from your online bank account. Complete each step within 10 minutes. See full list of supported banks below:
Supports","Debit/Credit Card in GBP
Use this option for cards issued in GBP.
Supports",,,Domestic Bank Transfer in Euros (EUR),,"Domestic Bank Transfer in Indian Rupees
- Supports transfers from ALL Indian banks
- Payment methods: National Electronic Fund Transfer (NEFT)/Real Time Gross Settlement (RTGS).
(Price inclusive of fees and service tax)","VISA: Debit/Credit in INR
Use this option for cards issued in INR
Supports","MasterCard: Debit/Credit in INR
Use this option for cards issued in INR
Supports",
1,2,3,4,1,2,3,4,5,6,7,8,9,1,2,3,4,5,6,1,2,3,4,5,1,2,3,4,5,6,7,1,2,1,2,3,4
